DROP TABLE CHECK_IN CASCADE CONSTRAINTS PURGE;
DROP TABLE CHECK_OUT CASCADE CONSTRAINTS PURGE;
DROP TABLE COMUNA CASCADE CONSTRAINTS PURGE;
DROP TABLE DEPARTAMENTOS CASCADE CONSTRAINTS PURGE;
DROP TABLE INVENTARIO_DEPTO CASCADE CONSTRAINTS PURGE;
DROP TABLE REGION CASCADE CONSTRAINTS PURGE;
DROP TABLE RESERVA CASCADE CONSTRAINTS PURGE;
DROP TABLE RESERVA_DEPARTAMENTOS CASCADE CONSTRAINTS PURGE;
DROP TABLE RESERVA_SERVICIOS CASCADE CONSTRAINTS PURGE;
DROP TABLE RESERVA_USUARIOS CASCADE CONSTRAINTS PURGE;
DROP TABLE SERVICIOS CASCADE CONSTRAINTS PURGE;
DROP TABLE TIPO_INVENTARIO CASCADE CONSTRAINTS PURGE;
DROP TABLE USUARIO CASCADE CONSTRAINTS PURGE;
DROP TABLE ROLES CASCADE CONSTRAINTS PURGE;

--------------------------------------------------------
--  DDL for Table CHECK_IN
--------------------------------------------------------

  CREATE TABLE "CHECK_IN" 
   (	"ID_CHECK_IN" NUMBER(10,0) GENERATED ALWAYS AS IDENTITY MINVALUE 1 MAXVALUE 9999999999999999999999999999 INCREMENT BY 1 START WITH 1 CACHE 20 NOORDER  NOCYCLE  NOKEEP  NOSCALE , 
	"ANOTACIONES" VARCHAR2(255 CHAR), 
	"FECHA_CHECK_IN" DATE, 
	"MONTO_FINAL_RESERVA" NUMBER(10,0)
   ) SEGMENT CREATION DEFERRED 
  PCTFREE 10 PCTUSED 40 INITRANS 1 MAXTRANS 255 
 NOCOMPRESS LOGGING
  TABLESPACE "USERS" ;
--------------------------------------------------------
--  DDL for Table CHECK_OUT
--------------------------------------------------------

  CREATE TABLE "CHECK_OUT" 
   (	"ID_CHECK_OUT" NUMBER(10,0) GENERATED ALWAYS AS IDENTITY MINVALUE 1 MAXVALUE 9999999999999999999999999999 INCREMENT BY 1 START WITH 1 CACHE 20 NOORDER  NOCYCLE  NOKEEP  NOSCALE , 
	"ESTADO_DEPARTAMENTO" VARCHAR2(255 CHAR), 
	"FECHA_CHECK_OUT" DATE, 
	"PAGO_COSTO_REPARACIONES" NUMBER(10,0), 
	"ID_CHECK_IN" NUMBER(10,0)
   ) SEGMENT CREATION DEFERRED 
  PCTFREE 10 PCTUSED 40 INITRANS 1 MAXTRANS 255 
 NOCOMPRESS LOGGING
  TABLESPACE "USERS" ;
--------------------------------------------------------
--  DDL for Table COMUNA
--------------------------------------------------------

  CREATE TABLE "COMUNA" 
   (	"ID_COMUNA" NUMBER(10,0), 
	"ID_REGION" NUMBER(10,0), 
	"NOMBRE_COMUNA" VARCHAR2(255 CHAR)
   ) SEGMENT CREATION IMMEDIATE 
  PCTFREE 10 PCTUSED 40 INITRANS 1 MAXTRANS 255 
 NOCOMPRESS LOGGING
  STORAGE(INITIAL 65536 NEXT 1048576 MINEXTENTS 1 MAXEXTENTS 2147483645
  PCTINCREASE 0 FREELISTS 1 FREELIST GROUPS 1
  BUFFER_POOL DEFAULT FLASH_CACHE DEFAULT CELL_FLASH_CACHE DEFAULT)
  TABLESPACE "USERS" ;
--------------------------------------------------------
--  DDL for Table DEPARTAMENTOS
--------------------------------------------------------

  CREATE TABLE "DEPARTAMENTOS" 
   (	"ID_DEPARTAMENTOS" NUMBER(10,0) GENERATED ALWAYS AS IDENTITY MINVALUE 1 MAXVALUE 9999999999999999999999999999 INCREMENT BY 1 START WITH 1 CACHE 20 NOORDER  NOCYCLE  NOKEEP  NOSCALE , 
	"BALCON" NUMBER(1,0), 
	"ESTADO_DEPARTAMENTO" VARCHAR2(255 CHAR), 
	"N_BANOS" NUMBER(10,0), 
	"N_DEPTO" NUMBER(10,0), 
	"N_EDIFICIO" NUMBER(10,0), 
	"N_HABITACION" NUMBER(10,0), 
	"NOMBRE_COMUNA_DEPTO" VARCHAR2(255 CHAR), 
	"NOMBRE_DEPARTAMENTO" VARCHAR2(255 CHAR), 
	"NOMBRE_REGION_DEPTO" VARCHAR2(255 CHAR), 
	"V_NOCHE" NUMBER(10,0)
   ) SEGMENT CREATION IMMEDIATE 
  PCTFREE 10 PCTUSED 40 INITRANS 1 MAXTRANS 255 
 NOCOMPRESS LOGGING
  STORAGE(INITIAL 65536 NEXT 1048576 MINEXTENTS 1 MAXEXTENTS 2147483645
  PCTINCREASE 0 FREELISTS 1 FREELIST GROUPS 1
  BUFFER_POOL DEFAULT FLASH_CACHE DEFAULT CELL_FLASH_CACHE DEFAULT)
  TABLESPACE "USERS" ;
--------------------------------------------------------
--  DDL for Table INVENTARIO_DEPTO
--------------------------------------------------------

  CREATE TABLE "INVENTARIO_DEPTO" 
   (	"ID_INVENTARIO_DEPTO" NUMBER(10,0) GENERATED ALWAYS AS IDENTITY MINVALUE 1 MAXVALUE 9999999999999999999999999999 INCREMENT BY 1 START WITH 1 CACHE 20 NOORDER  NOCYCLE  NOKEEP  NOSCALE , 
	"DESCRIPCION" VARCHAR2(255 CHAR), 
	"ID_DEPARTAMENTOS" NUMBER(10,0), 
	"ID_TIPO_INVENTARIO" NUMBER(10,0)
   ) SEGMENT CREATION DEFERRED 
  PCTFREE 10 PCTUSED 40 INITRANS 1 MAXTRANS 255 
 NOCOMPRESS LOGGING
  TABLESPACE "USERS" ;
--------------------------------------------------------
--  DDL for Table REGION
--------------------------------------------------------

  CREATE TABLE "REGION" 
   (	"ID_REGION" NUMBER(10,0), 
	"NOMBRE_REGION" VARCHAR2(255 CHAR)
   ) SEGMENT CREATION IMMEDIATE 
  PCTFREE 10 PCTUSED 40 INITRANS 1 MAXTRANS 255 
 NOCOMPRESS LOGGING
  STORAGE(INITIAL 65536 NEXT 1048576 MINEXTENTS 1 MAXEXTENTS 2147483645
  PCTINCREASE 0 FREELISTS 1 FREELIST GROUPS 1
  BUFFER_POOL DEFAULT FLASH_CACHE DEFAULT CELL_FLASH_CACHE DEFAULT)
  TABLESPACE "USERS" ;
--------------------------------------------------------
--  DDL for Table RESERVA
--------------------------------------------------------

  CREATE TABLE "RESERVA" 
   (	"ID_RESERVA" NUMBER(10,0) GENERATED ALWAYS AS IDENTITY MINVALUE 1 MAXVALUE 9999999999999999999999999999 INCREMENT BY 1 START WITH 1 CACHE 20 NOORDER  NOCYCLE  NOKEEP  NOSCALE , 
	"CNT_PERSONAS" NUMBER(10,0), 
	"ESTADO_RESERVA" VARCHAR2(255 CHAR), 
	"FECHA_CREACION" DATE, 
	"FECHA_FIN" DATE, 
	"FECHA_INICIO" DATE, 
	"PRECIO_ABONO" NUMBER(10,0), 
	"PRECIO_TOTAL" NUMBER(10,0)
   ) SEGMENT CREATION DEFERRED 
  PCTFREE 10 PCTUSED 40 INITRANS 1 MAXTRANS 255 
 NOCOMPRESS LOGGING
  TABLESPACE "USERS" ;
--------------------------------------------------------
--  DDL for Table RESERVA_DEPARTAMENTOS
--------------------------------------------------------

  CREATE TABLE "RESERVA_DEPARTAMENTOS" 
   (	"DEPARTAMENTOS_ID_RESERVA" NUMBER(10,0), 
	"DEPARTAMENTOS_ID_DEPARTAMENTOS" NUMBER(10,0)
   ) SEGMENT CREATION DEFERRED 
  PCTFREE 10 PCTUSED 40 INITRANS 1 MAXTRANS 255 
 NOCOMPRESS LOGGING
  TABLESPACE "USERS" ;
--------------------------------------------------------
--  DDL for Table RESERVA_SERVICIOS
--------------------------------------------------------

  CREATE TABLE "RESERVA_SERVICIOS" 
   (	"ID_RESERVA" NUMBER(10,0), 
	"ID_SERVICIOS" NUMBER(10,0)
   ) SEGMENT CREATION DEFERRED 
  PCTFREE 10 PCTUSED 40 INITRANS 1 MAXTRANS 255 
 NOCOMPRESS LOGGING
  TABLESPACE "USERS" ;
--------------------------------------------------------
--  DDL for Table RESERVA_USUARIOS
--------------------------------------------------------

  CREATE TABLE "RESERVA_USUARIOS" 
   (	"USUARIOS_ID_RESERVA" NUMBER(10,0), 
	"USUARIOS_ID_USUARIO" NUMBER(10,0)
   ) SEGMENT CREATION DEFERRED 
  PCTFREE 10 PCTUSED 40 INITRANS 1 MAXTRANS 255 
 NOCOMPRESS LOGGING
  TABLESPACE "USERS" ;
--------------------------------------------------------
--  DDL for Table ROLES
--------------------------------------------------------

  CREATE TABLE "ROLES" 
   (	"ID_ROL" NUMBER(10,0) GENERATED ALWAYS AS IDENTITY MINVALUE 1 MAXVALUE 9999999999999999999999999999 INCREMENT BY 1 START WITH 1 CACHE 20 NOORDER  NOCYCLE  NOKEEP  NOSCALE , 
	"NOMBRE_ROL" VARCHAR2(255 CHAR)
   ) SEGMENT CREATION IMMEDIATE 
  PCTFREE 10 PCTUSED 40 INITRANS 1 MAXTRANS 255 
 NOCOMPRESS LOGGING
  STORAGE(INITIAL 65536 NEXT 1048576 MINEXTENTS 1 MAXEXTENTS 2147483645
  PCTINCREASE 0 FREELISTS 1 FREELIST GROUPS 1
  BUFFER_POOL DEFAULT FLASH_CACHE DEFAULT CELL_FLASH_CACHE DEFAULT)
  TABLESPACE "USERS" ;
--------------------------------------------------------
--  DDL for Table SERVICIOS
--------------------------------------------------------

  CREATE TABLE "SERVICIOS" 
   (	"ID_SERVICIOS" NUMBER(10,0) GENERATED ALWAYS AS IDENTITY MINVALUE 1 MAXVALUE 9999999999999999999999999999 INCREMENT BY 1 START WITH 1 CACHE 20 NOORDER  NOCYCLE  NOKEEP  NOSCALE , 
	"DESCRIPCION_SERVICIOS" VARCHAR2(255 CHAR), 
	"DISPONIBILIDAD_SERVICIOS" VARCHAR2(255 CHAR), 
	"NOMBRE_SERVICIOS" VARCHAR2(255 CHAR), 
	"PRECIO_SERVICIOS" NUMBER(10,0)
   ) SEGMENT CREATION IMMEDIATE 
  PCTFREE 10 PCTUSED 40 INITRANS 1 MAXTRANS 255 
 NOCOMPRESS LOGGING
  STORAGE(INITIAL 65536 NEXT 1048576 MINEXTENTS 1 MAXEXTENTS 2147483645
  PCTINCREASE 0 FREELISTS 1 FREELIST GROUPS 1
  BUFFER_POOL DEFAULT FLASH_CACHE DEFAULT CELL_FLASH_CACHE DEFAULT)
  TABLESPACE "USERS" ;
--------------------------------------------------------
--  DDL for Table TIPO_INVENTARIO
--------------------------------------------------------

  CREATE TABLE "TIPO_INVENTARIO" 
   (	"ID_TIPO_INVENTARIO" NUMBER(10,0) GENERATED ALWAYS AS IDENTITY MINVALUE 1 MAXVALUE 9999999999999999999999999999 INCREMENT BY 1 START WITH 1 CACHE 20 NOORDER  NOCYCLE  NOKEEP  NOSCALE , 
	"NOMBRE_TIPO" VARCHAR2(255 CHAR)
   ) SEGMENT CREATION DEFERRED 
  PCTFREE 10 PCTUSED 40 INITRANS 1 MAXTRANS 255 
 NOCOMPRESS LOGGING
  TABLESPACE "USERS" ;
--------------------------------------------------------
--  DDL for Table USUARIO
--------------------------------------------------------

  CREATE TABLE "USUARIO" 
   (	"ID_USUARIO" NUMBER(10,0) GENERATED ALWAYS AS IDENTITY MINVALUE 1 MAXVALUE 9999999999999999999999999999 INCREMENT BY 1 START WITH 1 CACHE 20 NOORDER  NOCYCLE  NOKEEP  NOSCALE , 
	"APELLIDO_USUARIO" VARCHAR2(255 CHAR), 
	"CEDULA_USUARIO" VARCHAR2(255 CHAR), 
	"COMUNA_USUARIO" VARCHAR2(255 CHAR), 
	"EMAIL_USUARIO" VARCHAR2(255 CHAR), 
	"ESTADO_USUARIO" VARCHAR2(255 CHAR), 
	"NOMBRE_USUARIO" VARCHAR2(255 CHAR), 
	"PASSWORD_USUARIO" VARCHAR2(255 CHAR), 
	"REGION_USUARIO" VARCHAR2(255 CHAR), 
	"TELEFONO_USUARIO" NUMBER(10,0), 
	"ID_ROL" NUMBER(10,0)
   ) SEGMENT CREATION IMMEDIATE 
  PCTFREE 10 PCTUSED 40 INITRANS 1 MAXTRANS 255 
 NOCOMPRESS LOGGING
  STORAGE(INITIAL 65536 NEXT 1048576 MINEXTENTS 1 MAXEXTENTS 2147483645
  PCTINCREASE 0 FREELISTS 1 FREELIST GROUPS 1
  BUFFER_POOL DEFAULT FLASH_CACHE DEFAULT CELL_FLASH_CACHE DEFAULT)
  TABLESPACE "USERS" ;

Insert into COMUNA (ID_COMUNA,ID_REGION,NOMBRE_COMUNA) values (1,1,'Arica');
Insert into COMUNA (ID_COMUNA,ID_REGION,NOMBRE_COMUNA) values (2,1,'Camarones');
Insert into COMUNA (ID_COMUNA,ID_REGION,NOMBRE_COMUNA) values (3,1,'General Lagos');
Insert into COMUNA (ID_COMUNA,ID_REGION,NOMBRE_COMUNA) values (4,1,'Putre');
Insert into COMUNA (ID_COMUNA,ID_REGION,NOMBRE_COMUNA) values (5,2,'Alto Hospicio');
Insert into COMUNA (ID_COMUNA,ID_REGION,NOMBRE_COMUNA) values (6,2,'Iquique');
Insert into COMUNA (ID_COMUNA,ID_REGION,NOMBRE_COMUNA) values (7,2,'Camiña');
Insert into COMUNA (ID_COMUNA,ID_REGION,NOMBRE_COMUNA) values (8,2,'Colchane');
Insert into COMUNA (ID_COMUNA,ID_REGION,NOMBRE_COMUNA) values (9,2,'Huara');
Insert into COMUNA (ID_COMUNA,ID_REGION,NOMBRE_COMUNA) values (10,2,'Pica');
Insert into COMUNA (ID_COMUNA,ID_REGION,NOMBRE_COMUNA) values (11,2,'Pozo Almonte');
Insert into COMUNA (ID_COMUNA,ID_REGION,NOMBRE_COMUNA) values (12,3,'Antofagasta');
Insert into COMUNA (ID_COMUNA,ID_REGION,NOMBRE_COMUNA) values (13,3,'Mejillones');
Insert into COMUNA (ID_COMUNA,ID_REGION,NOMBRE_COMUNA) values (14,3,'Sierra Gorda');
Insert into COMUNA (ID_COMUNA,ID_REGION,NOMBRE_COMUNA) values (15,3,'Taltal');
Insert into COMUNA (ID_COMUNA,ID_REGION,NOMBRE_COMUNA) values (16,3,'Calama');
Insert into COMUNA (ID_COMUNA,ID_REGION,NOMBRE_COMUNA) values (17,3,'Ollague');
Insert into COMUNA (ID_COMUNA,ID_REGION,NOMBRE_COMUNA) values (18,3,'San Pedro de Atacama');
Insert into COMUNA (ID_COMUNA,ID_REGION,NOMBRE_COMUNA) values (19,3,'María Elena');
Insert into COMUNA (ID_COMUNA,ID_REGION,NOMBRE_COMUNA) values (20,3,'Tocopilla');
Insert into COMUNA (ID_COMUNA,ID_REGION,NOMBRE_COMUNA) values (21,4,'Chañaral');
Insert into COMUNA (ID_COMUNA,ID_REGION,NOMBRE_COMUNA) values (22,4,'Diego de Almagro');
Insert into COMUNA (ID_COMUNA,ID_REGION,NOMBRE_COMUNA) values (23,4,'Caldera');
Insert into COMUNA (ID_COMUNA,ID_REGION,NOMBRE_COMUNA) values (24,4,'Copiapó');
Insert into COMUNA (ID_COMUNA,ID_REGION,NOMBRE_COMUNA) values (25,4,'Tierra Amarilla');
Insert into COMUNA (ID_COMUNA,ID_REGION,NOMBRE_COMUNA) values (26,4,'Alto del Carmen');
Insert into COMUNA (ID_COMUNA,ID_REGION,NOMBRE_COMUNA) values (27,4,'Freirina');
Insert into COMUNA (ID_COMUNA,ID_REGION,NOMBRE_COMUNA) values (28,4,'Huasco');
Insert into COMUNA (ID_COMUNA,ID_REGION,NOMBRE_COMUNA) values (29,4,'Vallenar');
Insert into COMUNA (ID_COMUNA,ID_REGION,NOMBRE_COMUNA) values (30,5,'Canela');
Insert into COMUNA (ID_COMUNA,ID_REGION,NOMBRE_COMUNA) values (31,5,'Illapel');
Insert into COMUNA (ID_COMUNA,ID_REGION,NOMBRE_COMUNA) values (32,5,'Los Vilos');
Insert into COMUNA (ID_COMUNA,ID_REGION,NOMBRE_COMUNA) values (33,5,'Salamanca');
Insert into COMUNA (ID_COMUNA,ID_REGION,NOMBRE_COMUNA) values (34,5,'Andacollo');
Insert into COMUNA (ID_COMUNA,ID_REGION,NOMBRE_COMUNA) values (35,5,'Coquimbo');
Insert into COMUNA (ID_COMUNA,ID_REGION,NOMBRE_COMUNA) values (36,5,'La Higuera');
Insert into COMUNA (ID_COMUNA,ID_REGION,NOMBRE_COMUNA) values (37,5,'La Serena');
Insert into COMUNA (ID_COMUNA,ID_REGION,NOMBRE_COMUNA) values (38,5,'Paihuaco');
Insert into COMUNA (ID_COMUNA,ID_REGION,NOMBRE_COMUNA) values (39,5,'Vicuña');
Insert into COMUNA (ID_COMUNA,ID_REGION,NOMBRE_COMUNA) values (40,5,'Combarbalá');
Insert into COMUNA (ID_COMUNA,ID_REGION,NOMBRE_COMUNA) values (41,5,'Monte Patria');
Insert into COMUNA (ID_COMUNA,ID_REGION,NOMBRE_COMUNA) values (42,5,'Ovalle');
Insert into COMUNA (ID_COMUNA,ID_REGION,NOMBRE_COMUNA) values (43,5,'Punitaqui');
Insert into COMUNA (ID_COMUNA,ID_REGION,NOMBRE_COMUNA) values (44,5,'Río Hurtado');
Insert into COMUNA (ID_COMUNA,ID_REGION,NOMBRE_COMUNA) values (45,6,'Isla de Pascua');
Insert into COMUNA (ID_COMUNA,ID_REGION,NOMBRE_COMUNA) values (46,6,'Calle Larga');
Insert into COMUNA (ID_COMUNA,ID_REGION,NOMBRE_COMUNA) values (47,6,'Los Andes');
Insert into COMUNA (ID_COMUNA,ID_REGION,NOMBRE_COMUNA) values (48,6,'Rinconada');
Insert into COMUNA (ID_COMUNA,ID_REGION,NOMBRE_COMUNA) values (49,6,'San Esteban');
Insert into COMUNA (ID_COMUNA,ID_REGION,NOMBRE_COMUNA) values (50,6,'La Ligua');
Insert into COMUNA (ID_COMUNA,ID_REGION,NOMBRE_COMUNA) values (51,6,'Papudo');
Insert into COMUNA (ID_COMUNA,ID_REGION,NOMBRE_COMUNA) values (52,6,'Petorca');
Insert into COMUNA (ID_COMUNA,ID_REGION,NOMBRE_COMUNA) values (53,6,'Zapallar');
Insert into COMUNA (ID_COMUNA,ID_REGION,NOMBRE_COMUNA) values (54,6,'Hijuelas');
Insert into COMUNA (ID_COMUNA,ID_REGION,NOMBRE_COMUNA) values (55,6,'La Calera');
Insert into COMUNA (ID_COMUNA,ID_REGION,NOMBRE_COMUNA) values (56,6,'La Cruz');
Insert into COMUNA (ID_COMUNA,ID_REGION,NOMBRE_COMUNA) values (57,6,'Limache');
Insert into COMUNA (ID_COMUNA,ID_REGION,NOMBRE_COMUNA) values (58,6,'Nogales');
Insert into COMUNA (ID_COMUNA,ID_REGION,NOMBRE_COMUNA) values (59,6,'Olmué');
Insert into COMUNA (ID_COMUNA,ID_REGION,NOMBRE_COMUNA) values (60,6,'Quillota');
Insert into COMUNA (ID_COMUNA,ID_REGION,NOMBRE_COMUNA) values (61,6,'Algarrobo');
Insert into COMUNA (ID_COMUNA,ID_REGION,NOMBRE_COMUNA) values (62,6,'Cartagena');
Insert into COMUNA (ID_COMUNA,ID_REGION,NOMBRE_COMUNA) values (63,6,'El Quisco');
Insert into COMUNA (ID_COMUNA,ID_REGION,NOMBRE_COMUNA) values (64,6,'El Tabo');
Insert into COMUNA (ID_COMUNA,ID_REGION,NOMBRE_COMUNA) values (65,6,'San Antonio');
Insert into COMUNA (ID_COMUNA,ID_REGION,NOMBRE_COMUNA) values (66,6,'Santo Domingo');
Insert into COMUNA (ID_COMUNA,ID_REGION,NOMBRE_COMUNA) values (67,6,'Catemu');
Insert into COMUNA (ID_COMUNA,ID_REGION,NOMBRE_COMUNA) values (68,6,'Llaillay');
Insert into COMUNA (ID_COMUNA,ID_REGION,NOMBRE_COMUNA) values (69,6,'Panquehue');
Insert into COMUNA (ID_COMUNA,ID_REGION,NOMBRE_COMUNA) values (70,6,'Putaendo');
Insert into COMUNA (ID_COMUNA,ID_REGION,NOMBRE_COMUNA) values (71,6,'San Felipe');
Insert into COMUNA (ID_COMUNA,ID_REGION,NOMBRE_COMUNA) values (72,6,'Santa María');
Insert into COMUNA (ID_COMUNA,ID_REGION,NOMBRE_COMUNA) values (73,6,'Casablanca');
Insert into COMUNA (ID_COMUNA,ID_REGION,NOMBRE_COMUNA) values (74,6,'Concón');
Insert into COMUNA (ID_COMUNA,ID_REGION,NOMBRE_COMUNA) values (75,6,'Juan Fernández');
Insert into COMUNA (ID_COMUNA,ID_REGION,NOMBRE_COMUNA) values (76,6,'Puchuncaví');
Insert into COMUNA (ID_COMUNA,ID_REGION,NOMBRE_COMUNA) values (77,6,'Quilpué');
Insert into COMUNA (ID_COMUNA,ID_REGION,NOMBRE_COMUNA) values (78,6,'Quintero');
Insert into COMUNA (ID_COMUNA,ID_REGION,NOMBRE_COMUNA) values (79,6,'Valparaíso');
Insert into COMUNA (ID_COMUNA,ID_REGION,NOMBRE_COMUNA) values (80,6,'Villa Alemana');
Insert into COMUNA (ID_COMUNA,ID_REGION,NOMBRE_COMUNA) values (81,6,'Viña del Mar');
Insert into COMUNA (ID_COMUNA,ID_REGION,NOMBRE_COMUNA) values (82,7,'Colina');
Insert into COMUNA (ID_COMUNA,ID_REGION,NOMBRE_COMUNA) values (83,7,'Lampa');
Insert into COMUNA (ID_COMUNA,ID_REGION,NOMBRE_COMUNA) values (84,7,'Tiltil');
Insert into COMUNA (ID_COMUNA,ID_REGION,NOMBRE_COMUNA) values (85,7,'Pirque');
Insert into COMUNA (ID_COMUNA,ID_REGION,NOMBRE_COMUNA) values (86,7,'Puente Alto');
Insert into COMUNA (ID_COMUNA,ID_REGION,NOMBRE_COMUNA) values (87,7,'San José de Maipo');
Insert into COMUNA (ID_COMUNA,ID_REGION,NOMBRE_COMUNA) values (88,7,'Buin');
Insert into COMUNA (ID_COMUNA,ID_REGION,NOMBRE_COMUNA) values (89,7,'Calera de Tango');
Insert into COMUNA (ID_COMUNA,ID_REGION,NOMBRE_COMUNA) values (90,7,'Paine');
Insert into COMUNA (ID_COMUNA,ID_REGION,NOMBRE_COMUNA) values (91,7,'San Bernardo');
Insert into COMUNA (ID_COMUNA,ID_REGION,NOMBRE_COMUNA) values (92,7,'Alhué');
Insert into COMUNA (ID_COMUNA,ID_REGION,NOMBRE_COMUNA) values (93,7,'Curacaví');
Insert into COMUNA (ID_COMUNA,ID_REGION,NOMBRE_COMUNA) values (94,7,'María Pinto');
Insert into COMUNA (ID_COMUNA,ID_REGION,NOMBRE_COMUNA) values (95,7,'Melipilla');
Insert into COMUNA (ID_COMUNA,ID_REGION,NOMBRE_COMUNA) values (96,7,'San Pedro');
Insert into COMUNA (ID_COMUNA,ID_REGION,NOMBRE_COMUNA) values (97,7,'Cerrillos');
Insert into COMUNA (ID_COMUNA,ID_REGION,NOMBRE_COMUNA) values (98,7,'Cerro Navia');
Insert into COMUNA (ID_COMUNA,ID_REGION,NOMBRE_COMUNA) values (99,7,'Conchalí');
Insert into COMUNA (ID_COMUNA,ID_REGION,NOMBRE_COMUNA) values (100,7,'El Bosque');
Insert into COMUNA (ID_COMUNA,ID_REGION,NOMBRE_COMUNA) values (101,7,'Estación Central');
Insert into COMUNA (ID_COMUNA,ID_REGION,NOMBRE_COMUNA) values (102,7,'Huechuraba');
Insert into COMUNA (ID_COMUNA,ID_REGION,NOMBRE_COMUNA) values (103,7,'Independencia');
Insert into COMUNA (ID_COMUNA,ID_REGION,NOMBRE_COMUNA) values (104,7,'La Cisterna');
Insert into COMUNA (ID_COMUNA,ID_REGION,NOMBRE_COMUNA) values (105,7,'La Granja');
Insert into COMUNA (ID_COMUNA,ID_REGION,NOMBRE_COMUNA) values (106,7,'La Florida');
Insert into COMUNA (ID_COMUNA,ID_REGION,NOMBRE_COMUNA) values (107,7,'La Pintana');
Insert into COMUNA (ID_COMUNA,ID_REGION,NOMBRE_COMUNA) values (108,7,'La Reina');
Insert into COMUNA (ID_COMUNA,ID_REGION,NOMBRE_COMUNA) values (109,7,'Las Condes');
Insert into COMUNA (ID_COMUNA,ID_REGION,NOMBRE_COMUNA) values (110,7,'Lo Barnechea');
Insert into COMUNA (ID_COMUNA,ID_REGION,NOMBRE_COMUNA) values (111,7,'Lo Espejo');
Insert into COMUNA (ID_COMUNA,ID_REGION,NOMBRE_COMUNA) values (112,7,'Lo Prado');
Insert into COMUNA (ID_COMUNA,ID_REGION,NOMBRE_COMUNA) values (113,7,'Macul');
Insert into COMUNA (ID_COMUNA,ID_REGION,NOMBRE_COMUNA) values (114,7,'Maipú');
Insert into COMUNA (ID_COMUNA,ID_REGION,NOMBRE_COMUNA) values (115,7,'Ñuñoa');
Insert into COMUNA (ID_COMUNA,ID_REGION,NOMBRE_COMUNA) values (116,7,'Pedro Aguirre Cerda');
Insert into COMUNA (ID_COMUNA,ID_REGION,NOMBRE_COMUNA) values (117,7,'Peñalolén');
Insert into COMUNA (ID_COMUNA,ID_REGION,NOMBRE_COMUNA) values (118,7,'Providencia');
Insert into COMUNA (ID_COMUNA,ID_REGION,NOMBRE_COMUNA) values (119,7,'Pudahuel');
Insert into COMUNA (ID_COMUNA,ID_REGION,NOMBRE_COMUNA) values (120,7,'Quilicura');
Insert into COMUNA (ID_COMUNA,ID_REGION,NOMBRE_COMUNA) values (121,7,'Quinta Normal');
Insert into COMUNA (ID_COMUNA,ID_REGION,NOMBRE_COMUNA) values (122,7,'Recoleta');
Insert into COMUNA (ID_COMUNA,ID_REGION,NOMBRE_COMUNA) values (123,7,'Renca');
Insert into COMUNA (ID_COMUNA,ID_REGION,NOMBRE_COMUNA) values (124,7,'San Miguel');
Insert into COMUNA (ID_COMUNA,ID_REGION,NOMBRE_COMUNA) values (125,7,'San Joaquín');
Insert into COMUNA (ID_COMUNA,ID_REGION,NOMBRE_COMUNA) values (126,7,'San Ramón');
Insert into COMUNA (ID_COMUNA,ID_REGION,NOMBRE_COMUNA) values (127,7,'Santiago');
Insert into COMUNA (ID_COMUNA,ID_REGION,NOMBRE_COMUNA) values (128,7,'Vitacura');
Insert into COMUNA (ID_COMUNA,ID_REGION,NOMBRE_COMUNA) values (129,7,'El Monte');
Insert into COMUNA (ID_COMUNA,ID_REGION,NOMBRE_COMUNA) values (130,7,'Isla de Maipo');
Insert into COMUNA (ID_COMUNA,ID_REGION,NOMBRE_COMUNA) values (131,7,'Padre Hurtado');
Insert into COMUNA (ID_COMUNA,ID_REGION,NOMBRE_COMUNA) values (132,7,'Peñaflor');
Insert into COMUNA (ID_COMUNA,ID_REGION,NOMBRE_COMUNA) values (133,7,'Talagante');
Insert into COMUNA (ID_COMUNA,ID_REGION,NOMBRE_COMUNA) values (134,8,'Codegua');
Insert into COMUNA (ID_COMUNA,ID_REGION,NOMBRE_COMUNA) values (135,8,'Coínco');
Insert into COMUNA (ID_COMUNA,ID_REGION,NOMBRE_COMUNA) values (136,8,'Coltauco');
Insert into COMUNA (ID_COMUNA,ID_REGION,NOMBRE_COMUNA) values (137,8,'Doñihue');
Insert into COMUNA (ID_COMUNA,ID_REGION,NOMBRE_COMUNA) values (138,8,'Graneros');
Insert into COMUNA (ID_COMUNA,ID_REGION,NOMBRE_COMUNA) values (139,8,'Las Cabras');
Insert into COMUNA (ID_COMUNA,ID_REGION,NOMBRE_COMUNA) values (140,8,'Machalí');
Insert into COMUNA (ID_COMUNA,ID_REGION,NOMBRE_COMUNA) values (141,8,'Malloa');
Insert into COMUNA (ID_COMUNA,ID_REGION,NOMBRE_COMUNA) values (142,8,'Mostazal');
Insert into COMUNA (ID_COMUNA,ID_REGION,NOMBRE_COMUNA) values (143,8,'Olivar');
Insert into COMUNA (ID_COMUNA,ID_REGION,NOMBRE_COMUNA) values (144,8,'Peumo');
Insert into COMUNA (ID_COMUNA,ID_REGION,NOMBRE_COMUNA) values (145,8,'Pichidegua');
Insert into COMUNA (ID_COMUNA,ID_REGION,NOMBRE_COMUNA) values (146,8,'Quinta de Tilcoco');
Insert into COMUNA (ID_COMUNA,ID_REGION,NOMBRE_COMUNA) values (147,8,'Rancagua');
Insert into COMUNA (ID_COMUNA,ID_REGION,NOMBRE_COMUNA) values (148,8,'Rengo');
Insert into COMUNA (ID_COMUNA,ID_REGION,NOMBRE_COMUNA) values (149,8,'Requínoa');
Insert into COMUNA (ID_COMUNA,ID_REGION,NOMBRE_COMUNA) values (150,8,'San Vicente de Tagua Tagua');
Insert into COMUNA (ID_COMUNA,ID_REGION,NOMBRE_COMUNA) values (151,8,'La Estrella');
Insert into COMUNA (ID_COMUNA,ID_REGION,NOMBRE_COMUNA) values (152,8,'Litueche');
Insert into COMUNA (ID_COMUNA,ID_REGION,NOMBRE_COMUNA) values (153,8,'Marchihue');
Insert into COMUNA (ID_COMUNA,ID_REGION,NOMBRE_COMUNA) values (154,8,'Navidad');
Insert into COMUNA (ID_COMUNA,ID_REGION,NOMBRE_COMUNA) values (155,8,'Peredones');
Insert into COMUNA (ID_COMUNA,ID_REGION,NOMBRE_COMUNA) values (156,8,'Pichilemu');
Insert into COMUNA (ID_COMUNA,ID_REGION,NOMBRE_COMUNA) values (157,8,'Chépica');
Insert into COMUNA (ID_COMUNA,ID_REGION,NOMBRE_COMUNA) values (158,8,'Chimbarongo');
Insert into COMUNA (ID_COMUNA,ID_REGION,NOMBRE_COMUNA) values (159,8,'Lolol');
Insert into COMUNA (ID_COMUNA,ID_REGION,NOMBRE_COMUNA) values (160,8,'Nancagua');
Insert into COMUNA (ID_COMUNA,ID_REGION,NOMBRE_COMUNA) values (161,8,'Palmilla');
Insert into COMUNA (ID_COMUNA,ID_REGION,NOMBRE_COMUNA) values (162,8,'Peralillo');
Insert into COMUNA (ID_COMUNA,ID_REGION,NOMBRE_COMUNA) values (163,8,'Placilla');
Insert into COMUNA (ID_COMUNA,ID_REGION,NOMBRE_COMUNA) values (164,8,'Pumanque');
Insert into COMUNA (ID_COMUNA,ID_REGION,NOMBRE_COMUNA) values (165,8,'San Fernando');
Insert into COMUNA (ID_COMUNA,ID_REGION,NOMBRE_COMUNA) values (166,8,'Santa Cruz');
Insert into COMUNA (ID_COMUNA,ID_REGION,NOMBRE_COMUNA) values (167,9,'Cauquenes');
Insert into COMUNA (ID_COMUNA,ID_REGION,NOMBRE_COMUNA) values (168,9,'Chanco');
Insert into COMUNA (ID_COMUNA,ID_REGION,NOMBRE_COMUNA) values (169,9,'Pelluhue');
Insert into COMUNA (ID_COMUNA,ID_REGION,NOMBRE_COMUNA) values (170,9,'Curicó');
Insert into COMUNA (ID_COMUNA,ID_REGION,NOMBRE_COMUNA) values (171,9,'Hualañé');
Insert into COMUNA (ID_COMUNA,ID_REGION,NOMBRE_COMUNA) values (172,9,'Licantén');
Insert into COMUNA (ID_COMUNA,ID_REGION,NOMBRE_COMUNA) values (173,9,'Molina');
Insert into COMUNA (ID_COMUNA,ID_REGION,NOMBRE_COMUNA) values (174,9,'Rauco');
Insert into COMUNA (ID_COMUNA,ID_REGION,NOMBRE_COMUNA) values (175,9,'Romeral');
Insert into COMUNA (ID_COMUNA,ID_REGION,NOMBRE_COMUNA) values (176,9,'Sagrada Familia');
Insert into COMUNA (ID_COMUNA,ID_REGION,NOMBRE_COMUNA) values (177,9,'Teno');
Insert into COMUNA (ID_COMUNA,ID_REGION,NOMBRE_COMUNA) values (178,9,'Vichuquén');
Insert into COMUNA (ID_COMUNA,ID_REGION,NOMBRE_COMUNA) values (179,9,'Colbún');
Insert into COMUNA (ID_COMUNA,ID_REGION,NOMBRE_COMUNA) values (180,9,'Linares');
Insert into COMUNA (ID_COMUNA,ID_REGION,NOMBRE_COMUNA) values (181,9,'Longaví');
Insert into COMUNA (ID_COMUNA,ID_REGION,NOMBRE_COMUNA) values (182,9,'Parral');
Insert into COMUNA (ID_COMUNA,ID_REGION,NOMBRE_COMUNA) values (183,9,'Retiro');
Insert into COMUNA (ID_COMUNA,ID_REGION,NOMBRE_COMUNA) values (184,9,'San Javier');
Insert into COMUNA (ID_COMUNA,ID_REGION,NOMBRE_COMUNA) values (185,9,'Villa Alegre');
Insert into COMUNA (ID_COMUNA,ID_REGION,NOMBRE_COMUNA) values (186,9,'Yerbas Buenas');
Insert into COMUNA (ID_COMUNA,ID_REGION,NOMBRE_COMUNA) values (187,9,'Constitución');
Insert into COMUNA (ID_COMUNA,ID_REGION,NOMBRE_COMUNA) values (188,9,'Curepto');
Insert into COMUNA (ID_COMUNA,ID_REGION,NOMBRE_COMUNA) values (189,9,'Empedrado');
Insert into COMUNA (ID_COMUNA,ID_REGION,NOMBRE_COMUNA) values (190,9,'Maule');
Insert into COMUNA (ID_COMUNA,ID_REGION,NOMBRE_COMUNA) values (192,9,'Pencahue');
Insert into COMUNA (ID_COMUNA,ID_REGION,NOMBRE_COMUNA) values (193,9,'Río Claro');
Insert into COMUNA (ID_COMUNA,ID_REGION,NOMBRE_COMUNA) values (194,9,'San Clemente');
Insert into COMUNA (ID_COMUNA,ID_REGION,NOMBRE_COMUNA) values (195,9,'San Rafael');
Insert into COMUNA (ID_COMUNA,ID_REGION,NOMBRE_COMUNA) values (196,9,'Talca');
Insert into COMUNA (ID_COMUNA,ID_REGION,NOMBRE_COMUNA) values (197,10,'Bulnes');
Insert into COMUNA (ID_COMUNA,ID_REGION,NOMBRE_COMUNA) values (198,10,'Chillán');
Insert into COMUNA (ID_COMUNA,ID_REGION,NOMBRE_COMUNA) values (199,10,'Chillán Viejo');
Insert into COMUNA (ID_COMUNA,ID_REGION,NOMBRE_COMUNA) values (200,10,'Cobquecura');
Insert into COMUNA (ID_COMUNA,ID_REGION,NOMBRE_COMUNA) values (201,10,'Coelemu');
Insert into COMUNA (ID_COMUNA,ID_REGION,NOMBRE_COMUNA) values (202,10,'Coihueco');
Insert into COMUNA (ID_COMUNA,ID_REGION,NOMBRE_COMUNA) values (203,10,'El Carmen');
Insert into COMUNA (ID_COMUNA,ID_REGION,NOMBRE_COMUNA) values (204,10,'Ninhue');
Insert into COMUNA (ID_COMUNA,ID_REGION,NOMBRE_COMUNA) values (205,10,'Ñiquen');
Insert into COMUNA (ID_COMUNA,ID_REGION,NOMBRE_COMUNA) values (206,10,'Pemuco');
Insert into COMUNA (ID_COMUNA,ID_REGION,NOMBRE_COMUNA) values (207,10,'Pinto');
Insert into COMUNA (ID_COMUNA,ID_REGION,NOMBRE_COMUNA) values (208,10,'Portezuelo');
Insert into COMUNA (ID_COMUNA,ID_REGION,NOMBRE_COMUNA) values (209,10,'Quirihue');
Insert into COMUNA (ID_COMUNA,ID_REGION,NOMBRE_COMUNA) values (210,10,'Ránquil');
Insert into COMUNA (ID_COMUNA,ID_REGION,NOMBRE_COMUNA) values (211,10,'Treguaco');
Insert into COMUNA (ID_COMUNA,ID_REGION,NOMBRE_COMUNA) values (212,10,'Quillón');
Insert into COMUNA (ID_COMUNA,ID_REGION,NOMBRE_COMUNA) values (213,10,'San Carlos');
Insert into COMUNA (ID_COMUNA,ID_REGION,NOMBRE_COMUNA) values (214,10,'San Fabián');
Insert into COMUNA (ID_COMUNA,ID_REGION,NOMBRE_COMUNA) values (191,9,'Pelarco');
Insert into COMUNA (ID_COMUNA,ID_REGION,NOMBRE_COMUNA) values (215,10,'San Ignacio');
Insert into COMUNA (ID_COMUNA,ID_REGION,NOMBRE_COMUNA) values (216,10,'San Nicolás');
Insert into COMUNA (ID_COMUNA,ID_REGION,NOMBRE_COMUNA) values (217,10,'Yungay');
Insert into COMUNA (ID_COMUNA,ID_REGION,NOMBRE_COMUNA) values (218,11,'Arauco');
Insert into COMUNA (ID_COMUNA,ID_REGION,NOMBRE_COMUNA) values (219,11,'Cañete');
Insert into COMUNA (ID_COMUNA,ID_REGION,NOMBRE_COMUNA) values (220,11,'Contulmo');
Insert into COMUNA (ID_COMUNA,ID_REGION,NOMBRE_COMUNA) values (221,11,'Curanilahue');
Insert into COMUNA (ID_COMUNA,ID_REGION,NOMBRE_COMUNA) values (222,11,'Lebu');
Insert into COMUNA (ID_COMUNA,ID_REGION,NOMBRE_COMUNA) values (223,11,'Los Álamos');
Insert into COMUNA (ID_COMUNA,ID_REGION,NOMBRE_COMUNA) values (224,11,'Tirúa');
Insert into COMUNA (ID_COMUNA,ID_REGION,NOMBRE_COMUNA) values (225,11,'Alto Biobío');
Insert into COMUNA (ID_COMUNA,ID_REGION,NOMBRE_COMUNA) values (226,11,'Antuco');
Insert into COMUNA (ID_COMUNA,ID_REGION,NOMBRE_COMUNA) values (227,11,'Cabrero');
Insert into COMUNA (ID_COMUNA,ID_REGION,NOMBRE_COMUNA) values (228,11,'Laja');
Insert into COMUNA (ID_COMUNA,ID_REGION,NOMBRE_COMUNA) values (229,11,'Los Ángeles');
Insert into COMUNA (ID_COMUNA,ID_REGION,NOMBRE_COMUNA) values (230,11,'Mulchén');
Insert into COMUNA (ID_COMUNA,ID_REGION,NOMBRE_COMUNA) values (231,11,'Nacimiento');
Insert into COMUNA (ID_COMUNA,ID_REGION,NOMBRE_COMUNA) values (232,11,'Negrete');
Insert into COMUNA (ID_COMUNA,ID_REGION,NOMBRE_COMUNA) values (233,11,'Quilaco');
Insert into COMUNA (ID_COMUNA,ID_REGION,NOMBRE_COMUNA) values (234,11,'Quilleco');
Insert into COMUNA (ID_COMUNA,ID_REGION,NOMBRE_COMUNA) values (235,11,'San Rosendo');
Insert into COMUNA (ID_COMUNA,ID_REGION,NOMBRE_COMUNA) values (236,11,'Santa Bárbara');
Insert into COMUNA (ID_COMUNA,ID_REGION,NOMBRE_COMUNA) values (237,11,'Tucapel');
Insert into COMUNA (ID_COMUNA,ID_REGION,NOMBRE_COMUNA) values (238,11,'Yumbel');
Insert into COMUNA (ID_COMUNA,ID_REGION,NOMBRE_COMUNA) values (239,11,'Chiguayante');
Insert into COMUNA (ID_COMUNA,ID_REGION,NOMBRE_COMUNA) values (240,11,'Concepción');
Insert into COMUNA (ID_COMUNA,ID_REGION,NOMBRE_COMUNA) values (241,11,'Coronel');
Insert into COMUNA (ID_COMUNA,ID_REGION,NOMBRE_COMUNA) values (242,11,'Florida');
Insert into COMUNA (ID_COMUNA,ID_REGION,NOMBRE_COMUNA) values (243,11,'Hualpén');
Insert into COMUNA (ID_COMUNA,ID_REGION,NOMBRE_COMUNA) values (244,11,'Hualqui');
Insert into COMUNA (ID_COMUNA,ID_REGION,NOMBRE_COMUNA) values (245,11,'Lota');
Insert into COMUNA (ID_COMUNA,ID_REGION,NOMBRE_COMUNA) values (246,11,'Penco');
Insert into COMUNA (ID_COMUNA,ID_REGION,NOMBRE_COMUNA) values (247,11,'San Pedro de La Paz');
Insert into COMUNA (ID_COMUNA,ID_REGION,NOMBRE_COMUNA) values (248,11,'Santa Juana');
Insert into COMUNA (ID_COMUNA,ID_REGION,NOMBRE_COMUNA) values (249,11,'Talcahuano');
Insert into COMUNA (ID_COMUNA,ID_REGION,NOMBRE_COMUNA) values (250,11,'Tomé');
Insert into COMUNA (ID_COMUNA,ID_REGION,NOMBRE_COMUNA) values (251,12,'Carahue');
Insert into COMUNA (ID_COMUNA,ID_REGION,NOMBRE_COMUNA) values (252,12,'Cholchol');
Insert into COMUNA (ID_COMUNA,ID_REGION,NOMBRE_COMUNA) values (253,12,'Cunco');
Insert into COMUNA (ID_COMUNA,ID_REGION,NOMBRE_COMUNA) values (254,12,'Curarrehue');
Insert into COMUNA (ID_COMUNA,ID_REGION,NOMBRE_COMUNA) values (255,12,'Freire');
Insert into COMUNA (ID_COMUNA,ID_REGION,NOMBRE_COMUNA) values (256,12,'Galvarino');
Insert into COMUNA (ID_COMUNA,ID_REGION,NOMBRE_COMUNA) values (257,12,'Gorbea');
Insert into COMUNA (ID_COMUNA,ID_REGION,NOMBRE_COMUNA) values (258,12,'Lautaro');
Insert into COMUNA (ID_COMUNA,ID_REGION,NOMBRE_COMUNA) values (259,12,'Loncoche');
Insert into COMUNA (ID_COMUNA,ID_REGION,NOMBRE_COMUNA) values (260,12,'Melipeuco');
Insert into COMUNA (ID_COMUNA,ID_REGION,NOMBRE_COMUNA) values (261,12,'Nueva Imperial');
Insert into COMUNA (ID_COMUNA,ID_REGION,NOMBRE_COMUNA) values (262,12,'Padre Las Casas');
Insert into COMUNA (ID_COMUNA,ID_REGION,NOMBRE_COMUNA) values (263,12,'Perquenco');
Insert into COMUNA (ID_COMUNA,ID_REGION,NOMBRE_COMUNA) values (264,12,'Pitrufquén');
Insert into COMUNA (ID_COMUNA,ID_REGION,NOMBRE_COMUNA) values (265,12,'Pucón');
Insert into COMUNA (ID_COMUNA,ID_REGION,NOMBRE_COMUNA) values (266,12,'Saavedra');
Insert into COMUNA (ID_COMUNA,ID_REGION,NOMBRE_COMUNA) values (267,12,'Temuco');
Insert into COMUNA (ID_COMUNA,ID_REGION,NOMBRE_COMUNA) values (268,12,'Teodoro Schmidt');
Insert into COMUNA (ID_COMUNA,ID_REGION,NOMBRE_COMUNA) values (269,12,'Toltén');
Insert into COMUNA (ID_COMUNA,ID_REGION,NOMBRE_COMUNA) values (270,12,'Vilcún');
Insert into COMUNA (ID_COMUNA,ID_REGION,NOMBRE_COMUNA) values (271,12,'Villarrica');
Insert into COMUNA (ID_COMUNA,ID_REGION,NOMBRE_COMUNA) values (272,12,'Angol');
Insert into COMUNA (ID_COMUNA,ID_REGION,NOMBRE_COMUNA) values (273,12,'Collipulli');
Insert into COMUNA (ID_COMUNA,ID_REGION,NOMBRE_COMUNA) values (274,12,'Curacautín');
Insert into COMUNA (ID_COMUNA,ID_REGION,NOMBRE_COMUNA) values (275,12,'Ercilla');
Insert into COMUNA (ID_COMUNA,ID_REGION,NOMBRE_COMUNA) values (276,12,'Lonquimay');
Insert into COMUNA (ID_COMUNA,ID_REGION,NOMBRE_COMUNA) values (277,12,'Los Sauces');
Insert into COMUNA (ID_COMUNA,ID_REGION,NOMBRE_COMUNA) values (278,12,'Lumaco');
Insert into COMUNA (ID_COMUNA,ID_REGION,NOMBRE_COMUNA) values (279,12,'Purén');
Insert into COMUNA (ID_COMUNA,ID_REGION,NOMBRE_COMUNA) values (280,12,'Renaico');
Insert into COMUNA (ID_COMUNA,ID_REGION,NOMBRE_COMUNA) values (281,12,'Traiguén');
Insert into COMUNA (ID_COMUNA,ID_REGION,NOMBRE_COMUNA) values (282,12,'Victoria');
Insert into COMUNA (ID_COMUNA,ID_REGION,NOMBRE_COMUNA) values (283,13,'Corral');
Insert into COMUNA (ID_COMUNA,ID_REGION,NOMBRE_COMUNA) values (284,13,'Lanco');
Insert into COMUNA (ID_COMUNA,ID_REGION,NOMBRE_COMUNA) values (285,13,'Los Lagos');
Insert into COMUNA (ID_COMUNA,ID_REGION,NOMBRE_COMUNA) values (286,13,'Máfil');
Insert into COMUNA (ID_COMUNA,ID_REGION,NOMBRE_COMUNA) values (287,13,'Mariquina');
Insert into COMUNA (ID_COMUNA,ID_REGION,NOMBRE_COMUNA) values (288,13,'Paillaco');
Insert into COMUNA (ID_COMUNA,ID_REGION,NOMBRE_COMUNA) values (289,13,'Panguipulli');
Insert into COMUNA (ID_COMUNA,ID_REGION,NOMBRE_COMUNA) values (290,13,'Valdivia');
Insert into COMUNA (ID_COMUNA,ID_REGION,NOMBRE_COMUNA) values (291,13,'Futrono');
Insert into COMUNA (ID_COMUNA,ID_REGION,NOMBRE_COMUNA) values (292,13,'La Unión');
Insert into COMUNA (ID_COMUNA,ID_REGION,NOMBRE_COMUNA) values (293,13,'Lago Ranco');
Insert into COMUNA (ID_COMUNA,ID_REGION,NOMBRE_COMUNA) values (294,13,'Río Bueno');
Insert into COMUNA (ID_COMUNA,ID_REGION,NOMBRE_COMUNA) values (295,14,'Ancud');
Insert into COMUNA (ID_COMUNA,ID_REGION,NOMBRE_COMUNA) values (296,14,'Castro');
Insert into COMUNA (ID_COMUNA,ID_REGION,NOMBRE_COMUNA) values (297,14,'Chonchi');
Insert into COMUNA (ID_COMUNA,ID_REGION,NOMBRE_COMUNA) values (298,14,'Curaco de Vélez');
Insert into COMUNA (ID_COMUNA,ID_REGION,NOMBRE_COMUNA) values (299,14,'Dalcahue');
Insert into COMUNA (ID_COMUNA,ID_REGION,NOMBRE_COMUNA) values (300,14,'Puqueldón');
Insert into COMUNA (ID_COMUNA,ID_REGION,NOMBRE_COMUNA) values (301,14,'Queilén');
Insert into COMUNA (ID_COMUNA,ID_REGION,NOMBRE_COMUNA) values (302,14,'Quemchi');
Insert into COMUNA (ID_COMUNA,ID_REGION,NOMBRE_COMUNA) values (303,14,'Quellón');
Insert into COMUNA (ID_COMUNA,ID_REGION,NOMBRE_COMUNA) values (304,14,'Quinchao');
Insert into COMUNA (ID_COMUNA,ID_REGION,NOMBRE_COMUNA) values (305,14,'Calbuco');
Insert into COMUNA (ID_COMUNA,ID_REGION,NOMBRE_COMUNA) values (306,14,'Cochamó');
Insert into COMUNA (ID_COMUNA,ID_REGION,NOMBRE_COMUNA) values (307,14,'Fresia');
Insert into COMUNA (ID_COMUNA,ID_REGION,NOMBRE_COMUNA) values (308,14,'Frutillar');
Insert into COMUNA (ID_COMUNA,ID_REGION,NOMBRE_COMUNA) values (309,14,'Llanquihue');
Insert into COMUNA (ID_COMUNA,ID_REGION,NOMBRE_COMUNA) values (310,14,'Los Muermos');
Insert into COMUNA (ID_COMUNA,ID_REGION,NOMBRE_COMUNA) values (311,14,'Maullín');
Insert into COMUNA (ID_COMUNA,ID_REGION,NOMBRE_COMUNA) values (312,14,'Puerto Montt');
Insert into COMUNA (ID_COMUNA,ID_REGION,NOMBRE_COMUNA) values (313,14,'Puerto Varas');
Insert into COMUNA (ID_COMUNA,ID_REGION,NOMBRE_COMUNA) values (314,14,'Osorno');
Insert into COMUNA (ID_COMUNA,ID_REGION,NOMBRE_COMUNA) values (315,14,'Puero Octay');
Insert into COMUNA (ID_COMUNA,ID_REGION,NOMBRE_COMUNA) values (316,14,'Purranque');
Insert into COMUNA (ID_COMUNA,ID_REGION,NOMBRE_COMUNA) values (317,14,'Puyehue');
Insert into COMUNA (ID_COMUNA,ID_REGION,NOMBRE_COMUNA) values (318,14,'Río Negro');
Insert into COMUNA (ID_COMUNA,ID_REGION,NOMBRE_COMUNA) values (319,14,'San Juan de la Costa');
Insert into COMUNA (ID_COMUNA,ID_REGION,NOMBRE_COMUNA) values (320,14,'San Pablo');
Insert into COMUNA (ID_COMUNA,ID_REGION,NOMBRE_COMUNA) values (321,14,'Chaitén');
Insert into COMUNA (ID_COMUNA,ID_REGION,NOMBRE_COMUNA) values (322,14,'Futaleufú');
Insert into COMUNA (ID_COMUNA,ID_REGION,NOMBRE_COMUNA) values (323,14,'Hualaihué');
Insert into COMUNA (ID_COMUNA,ID_REGION,NOMBRE_COMUNA) values (324,14,'Palena');
Insert into COMUNA (ID_COMUNA,ID_REGION,NOMBRE_COMUNA) values (325,15,'Aisén');
Insert into COMUNA (ID_COMUNA,ID_REGION,NOMBRE_COMUNA) values (326,15,'Cisnes');
Insert into COMUNA (ID_COMUNA,ID_REGION,NOMBRE_COMUNA) values (327,15,'Guaitecas');
Insert into COMUNA (ID_COMUNA,ID_REGION,NOMBRE_COMUNA) values (328,15,'Cochrane');
Insert into COMUNA (ID_COMUNA,ID_REGION,NOMBRE_COMUNA) values (329,15,'O higgins');
Insert into COMUNA (ID_COMUNA,ID_REGION,NOMBRE_COMUNA) values (330,15,'Tortel');
Insert into COMUNA (ID_COMUNA,ID_REGION,NOMBRE_COMUNA) values (331,15,'Coihaique');
Insert into COMUNA (ID_COMUNA,ID_REGION,NOMBRE_COMUNA) values (332,15,'Lago Verde');
Insert into COMUNA (ID_COMUNA,ID_REGION,NOMBRE_COMUNA) values (333,15,'Chile Chico');
Insert into COMUNA (ID_COMUNA,ID_REGION,NOMBRE_COMUNA) values (334,15,'Río Ibáñez');
Insert into COMUNA (ID_COMUNA,ID_REGION,NOMBRE_COMUNA) values (335,16,'Antártica');
Insert into COMUNA (ID_COMUNA,ID_REGION,NOMBRE_COMUNA) values (336,16,'Cabo de Hornos');
Insert into COMUNA (ID_COMUNA,ID_REGION,NOMBRE_COMUNA) values (337,16,'Laguna Blanca');
Insert into COMUNA (ID_COMUNA,ID_REGION,NOMBRE_COMUNA) values (338,16,'Punta Arenas');
Insert into COMUNA (ID_COMUNA,ID_REGION,NOMBRE_COMUNA) values (339,16,'Río Verde');
Insert into COMUNA (ID_COMUNA,ID_REGION,NOMBRE_COMUNA) values (340,16,'San Gregorio');
Insert into COMUNA (ID_COMUNA,ID_REGION,NOMBRE_COMUNA) values (341,16,'Porvenir');
Insert into COMUNA (ID_COMUNA,ID_REGION,NOMBRE_COMUNA) values (342,16,'Primavera');
Insert into COMUNA (ID_COMUNA,ID_REGION,NOMBRE_COMUNA) values (343,16,'Timaukel');
Insert into COMUNA (ID_COMUNA,ID_REGION,NOMBRE_COMUNA) values (344,16,'Natales');
Insert into COMUNA (ID_COMUNA,ID_REGION,NOMBRE_COMUNA) values (345,16,'Torres del Paine');
Insert into COMUNA (ID_COMUNA,ID_REGION,NOMBRE_COMUNA) values (346,16,'Cabildo');

Insert into DEPARTAMENTOS (BALCON,ESTADO_DEPARTAMENTO,N_BANOS,N_DEPTO,N_EDIFICIO,N_HABITACION,NOMBRE_COMUNA_DEPTO,NOMBRE_DEPARTAMENTO,NOMBRE_REGION_DEPTO,V_NOCHE) values (0,'Libre',4,10,5,1,'Santiago','Casa de Acopio','Region Metropolitana',50000);
Insert into DEPARTAMENTOS (BALCON,ESTADO_DEPARTAMENTO,N_BANOS,N_DEPTO,N_EDIFICIO,N_HABITACION,NOMBRE_COMUNA_DEPTO,NOMBRE_DEPARTAMENTO,NOMBRE_REGION_DEPTO,V_NOCHE) values (0,'Libre',4,1234,3,5,'Providencia','Casa de Oro','Region Metropolitana',75000);
Insert into DEPARTAMENTOS (BALCON,ESTADO_DEPARTAMENTO,N_BANOS,N_DEPTO,N_EDIFICIO,N_HABITACION,NOMBRE_COMUNA_DEPTO,NOMBRE_DEPARTAMENTO,NOMBRE_REGION_DEPTO,V_NOCHE) values (1,'Libre',5,200,1,7,'Huechuraba','Casa de Plata','Region Metropolitana',120000);
Insert into DEPARTAMENTOS (BALCON,ESTADO_DEPARTAMENTO,N_BANOS,N_DEPTO,N_EDIFICIO,N_HABITACION,NOMBRE_COMUNA_DEPTO,NOMBRE_DEPARTAMENTO,NOMBRE_REGION_DEPTO,V_NOCHE) values (1,'Libre',2,300,8,2,'Quilicura','Casa de Piedra','Region Metropolitana',100000);
Insert into DEPARTAMENTOS (BALCON,ESTADO_DEPARTAMENTO,N_BANOS,N_DEPTO,N_EDIFICIO,N_HABITACION,NOMBRE_COMUNA_DEPTO,NOMBRE_DEPARTAMENTO,NOMBRE_REGION_DEPTO,V_NOCHE) values (0,'Libre',3,400,4,3,'La Florida','Casa de Madera','Region Metropolitana',150000);

Insert into REGION (ID_REGION,NOMBRE_REGION) values (1,'Arica y Parinacota');
Insert into REGION (ID_REGION,NOMBRE_REGION) values (2,'Tarapacá');
Insert into REGION (ID_REGION,NOMBRE_REGION) values (3,'Antofagasta');
Insert into REGION (ID_REGION,NOMBRE_REGION) values (4,'Atacama');
Insert into REGION (ID_REGION,NOMBRE_REGION) values (5,'Coquimbo');
Insert into REGION (ID_REGION,NOMBRE_REGION) values (6,'Valparaíso');
Insert into REGION (ID_REGION,NOMBRE_REGION) values (7,'Metropolitana de Santiago');
Insert into REGION (ID_REGION,NOMBRE_REGION) values (8,'Libertador General Bernardo O’Higgins');
Insert into REGION (ID_REGION,NOMBRE_REGION) values (9,'Maule');
Insert into REGION (ID_REGION,NOMBRE_REGION) values (10,'Ñuble');
Insert into REGION (ID_REGION,NOMBRE_REGION) values (11,'Biobío');
Insert into REGION (ID_REGION,NOMBRE_REGION) values (12,'La Araucanía');
Insert into REGION (ID_REGION,NOMBRE_REGION) values (13,'Los Ríos');
Insert into REGION (ID_REGION,NOMBRE_REGION) values (14,'Los Lagos');
Insert into REGION (ID_REGION,NOMBRE_REGION) values (15,'Aysén del General Carlpo');
Insert into REGION (ID_REGION,NOMBRE_REGION) values (16,'Magallanes y de la Antártica Chilena');

Insert into ROLES (NOMBRE_ROL) values ('Administrador');
Insert into ROLES (NOMBRE_ROL) values ('Funcionario');
Insert into ROLES (NOMBRE_ROL) values ('Cliente');

Insert into SERVICIOS (DESCRIPCION_SERVICIOS,DISPONIBILIDAD_SERVICIOS,NOMBRE_SERVICIOS,PRECIO_SERVICIOS) values ('Nada','Disponible','Ningun Servicio',0);
Insert into SERVICIOS (DESCRIPCION_SERVICIOS,DISPONIBILIDAD_SERVICIOS,NOMBRE_SERVICIOS,PRECIO_SERVICIOS) values ('Servicio que se encarga de entregar Tours en las localidades cercanas.','Disponible','Tour',20000);
Insert into SERVICIOS (DESCRIPCION_SERVICIOS,DISPONIBILIDAD_SERVICIOS,NOMBRE_SERVICIOS,PRECIO_SERVICIOS) values ('Servicio que se encarga de entregar recorridos con taxis en las localidades cercanas.','Disponible','Taxi',10000);
Insert into SERVICIOS (DESCRIPCION_SERVICIOS,DISPONIBILIDAD_SERVICIOS,NOMBRE_SERVICIOS,PRECIO_SERVICIOS) values ('Servicio que se encarga de entregar viajes entre los terminales de buses o aeropuertos hacia el departamento.','Disponible','Acercamiento',20000);
Insert into SERVICIOS (DESCRIPCION_SERVICIOS,DISPONIBILIDAD_SERVICIOS,NOMBRE_SERVICIOS,PRECIO_SERVICIOS) values ('Servicio que se encarga de entregar vehiculos para recorrer las localidades cercanas.','Disponible','Vehiculos',200000);
Insert into SERVICIOS (DESCRIPCION_SERVICIOS,DISPONIBILIDAD_SERVICIOS,NOMBRE_SERVICIOS,PRECIO_SERVICIOS) values ('Servicio que se encarga de entregar bicicletas para recorrer las localidades cercanas.','Disponible','Bicicletas',5000);
Insert into SERVICIOS (DESCRIPCION_SERVICIOS,DISPONIBILIDAD_SERVICIOS,NOMBRE_SERVICIOS,PRECIO_SERVICIOS) values ('Servicio que se encarga de agendar cenas en restaurantes que estan dentro del convenio.','Disponible','Cenas',15000);

Insert into USUARIO (APELLIDO_USUARIO,CEDULA_USUARIO,COMUNA_USUARIO,EMAIL_USUARIO,ESTADO_USUARIO,NOMBRE_USUARIO,PASSWORD_USUARIO,REGION_USUARIO,TELEFONO_USUARIO,ID_ROL) values ('Bote','33.333.333-3','Santiago','prueba@rent.cl','Activo','Jose','pass123','Region Metropolitana',963214785,3);
Insert into USUARIO (APELLIDO_USUARIO,CEDULA_USUARIO,COMUNA_USUARIO,EMAIL_USUARIO,ESTADO_USUARIO,NOMBRE_USUARIO,PASSWORD_USUARIO,REGION_USUARIO,TELEFONO_USUARIO,ID_ROL) values ('Avion','11.111.111-1','Coquimbo','maestro@rent.cl','Activo','Pedro','password','Coquimbo',987412365,3);
Insert into USUARIO (APELLIDO_USUARIO,CEDULA_USUARIO,COMUNA_USUARIO,EMAIL_USUARIO,ESTADO_USUARIO,NOMBRE_USUARIO,PASSWORD_USUARIO,REGION_USUARIO,TELEFONO_USUARIO,ID_ROL) values ('Automovil','22.222.222-2','Huechuraba','testeo@rent.cl','Activo','Antonio','123pass','Region Metropolitana',563214789,3);
Insert into USUARIO (APELLIDO_USUARIO,CEDULA_USUARIO,COMUNA_USUARIO,EMAIL_USUARIO,ESTADO_USUARIO,NOMBRE_USUARIO,PASSWORD_USUARIO,REGION_USUARIO,TELEFONO_USUARIO,ID_ROL) values ('Carro','88.888.888-8','Arica','maspruebas@rent.cl','Activo','Jaime','456pass','Arica y Parinacota',987654123,3);
Insert into USUARIO (APELLIDO_USUARIO,CEDULA_USUARIO,COMUNA_USUARIO,EMAIL_USUARIO,ESTADO_USUARIO,NOMBRE_USUARIO,PASSWORD_USUARIO,REGION_USUARIO,TELEFONO_USUARIO,ID_ROL) values ('Carruaje','55.555.555-5','Casablanca','otraprueba@rent.cl','Activo','Pablo','pass456','Valparaíso',123456789,3);
Insert into USUARIO (APELLIDO_USUARIO,CEDULA_USUARIO,COMUNA_USUARIO,EMAIL_USUARIO,ESTADO_USUARIO,NOMBRE_USUARIO,PASSWORD_USUARIO,REGION_USUARIO,TELEFONO_USUARIO,ID_ROL) values ('Caballo','44.444.444-4','Constitución','testing@rent.cl','Activo','Javiera','123password','Región del Maule',456123789,3);
Insert into USUARIO (APELLIDO_USUARIO,CEDULA_USUARIO,COMUNA_USUARIO,EMAIL_USUARIO,ESTADO_USUARIO,NOMBRE_USUARIO,PASSWORD_USUARIO,REGION_USUARIO,TELEFONO_USUARIO,ID_ROL) values ('Maletas','77.777.777-7','Chiguayante','nunca@rent.cl','Activo','Maria','password124','Región del Biobío',456789123,3);
--------------------------------------------------------
--  DDL for Index SYS_C0012824
--------------------------------------------------------

  CREATE UNIQUE INDEX "SYS_C0012824" ON "CHECK_IN" ("ID_CHECK_IN") 
  PCTFREE 10 INITRANS 2 MAXTRANS 255 COMPUTE STATISTICS 
  TABLESPACE "USERS" ;
--------------------------------------------------------
--  DDL for Index SYS_C0012826
--------------------------------------------------------

  CREATE UNIQUE INDEX "SYS_C0012826" ON "CHECK_OUT" ("ID_CHECK_OUT") 
  PCTFREE 10 INITRANS 2 MAXTRANS 255 COMPUTE STATISTICS 
  TABLESPACE "USERS" ;
--------------------------------------------------------
--  DDL for Index SYS_C0012828
--------------------------------------------------------

  CREATE UNIQUE INDEX "SYS_C0012828" ON "COMUNA" ("ID_COMUNA") 
  PCTFREE 10 INITRANS 2 MAXTRANS 255 COMPUTE STATISTICS 
  STORAGE(INITIAL 65536 NEXT 1048576 MINEXTENTS 1 MAXEXTENTS 2147483645
  PCTINCREASE 0 FREELISTS 1 FREELIST GROUPS 1
  BUFFER_POOL DEFAULT FLASH_CACHE DEFAULT CELL_FLASH_CACHE DEFAULT)
  TABLESPACE "USERS" ;
--------------------------------------------------------
--  DDL for Index SYS_C0012830
--------------------------------------------------------

  CREATE UNIQUE INDEX "SYS_C0012830" ON "DEPARTAMENTOS" ("ID_DEPARTAMENTOS") 
  PCTFREE 10 INITRANS 2 MAXTRANS 255 COMPUTE STATISTICS 
  STORAGE(INITIAL 65536 NEXT 1048576 MINEXTENTS 1 MAXEXTENTS 2147483645
  PCTINCREASE 0 FREELISTS 1 FREELIST GROUPS 1
  BUFFER_POOL DEFAULT FLASH_CACHE DEFAULT CELL_FLASH_CACHE DEFAULT)
  TABLESPACE "USERS" ;
--------------------------------------------------------
--  DDL for Index SYS_C0012832
--------------------------------------------------------

  CREATE UNIQUE INDEX "SYS_C0012832" ON "INVENTARIO_DEPTO" ("ID_INVENTARIO_DEPTO") 
  PCTFREE 10 INITRANS 2 MAXTRANS 255 COMPUTE STATISTICS 
  TABLESPACE "USERS" ;
--------------------------------------------------------
--  DDL for Index SYS_C0012834
--------------------------------------------------------

  CREATE UNIQUE INDEX "SYS_C0012834" ON "REGION" ("ID_REGION") 
  PCTFREE 10 INITRANS 2 MAXTRANS 255 COMPUTE STATISTICS 
  STORAGE(INITIAL 65536 NEXT 1048576 MINEXTENTS 1 MAXEXTENTS 2147483645
  PCTINCREASE 0 FREELISTS 1 FREELIST GROUPS 1
  BUFFER_POOL DEFAULT FLASH_CACHE DEFAULT CELL_FLASH_CACHE DEFAULT)
  TABLESPACE "USERS" ;
--------------------------------------------------------
--  DDL for Index SYS_C0012836
--------------------------------------------------------

  CREATE UNIQUE INDEX "SYS_C0012836" ON "RESERVA" ("ID_RESERVA") 
  PCTFREE 10 INITRANS 2 MAXTRANS 255 COMPUTE STATISTICS 
  TABLESPACE "USERS" ;
--------------------------------------------------------
--  DDL for Index SYS_C0012839
--------------------------------------------------------

  CREATE UNIQUE INDEX "SYS_C0012839" ON "RESERVA_DEPARTAMENTOS" ("DEPARTAMENTOS_ID_RESERVA", "DEPARTAMENTOS_ID_DEPARTAMENTOS") 
  PCTFREE 10 INITRANS 2 MAXTRANS 255 COMPUTE STATISTICS 
  TABLESPACE "USERS" ;
--------------------------------------------------------
--  DDL for Index SYS_C0012842
--------------------------------------------------------

  CREATE UNIQUE INDEX "SYS_C0012842" ON "RESERVA_SERVICIOS" ("ID_RESERVA", "ID_SERVICIOS") 
  PCTFREE 10 INITRANS 2 MAXTRANS 255 COMPUTE STATISTICS 
  TABLESPACE "USERS" ;
--------------------------------------------------------
--  DDL for Index SYS_C0012845
--------------------------------------------------------

  CREATE UNIQUE INDEX "SYS_C0012845" ON "RESERVA_USUARIOS" ("USUARIOS_ID_RESERVA", "USUARIOS_ID_USUARIO") 
  PCTFREE 10 INITRANS 2 MAXTRANS 255 COMPUTE STATISTICS 
  TABLESPACE "USERS" ;
--------------------------------------------------------
--  DDL for Index SYS_C0012767
--------------------------------------------------------

  CREATE UNIQUE INDEX "SYS_C0012767" ON "ROLES" ("ID_ROL") 
  PCTFREE 10 INITRANS 2 MAXTRANS 255 COMPUTE STATISTICS 
  STORAGE(INITIAL 65536 NEXT 1048576 MINEXTENTS 1 MAXEXTENTS 2147483645
  PCTINCREASE 0 FREELISTS 1 FREELIST GROUPS 1
  BUFFER_POOL DEFAULT FLASH_CACHE DEFAULT CELL_FLASH_CACHE DEFAULT)
  TABLESPACE "USERS" ;
--------------------------------------------------------
--  DDL for Index SYS_C0012847
--------------------------------------------------------

  CREATE UNIQUE INDEX "SYS_C0012847" ON "SERVICIOS" ("ID_SERVICIOS") 
  PCTFREE 10 INITRANS 2 MAXTRANS 255 COMPUTE STATISTICS 
  STORAGE(INITIAL 65536 NEXT 1048576 MINEXTENTS 1 MAXEXTENTS 2147483645
  PCTINCREASE 0 FREELISTS 1 FREELIST GROUPS 1
  BUFFER_POOL DEFAULT FLASH_CACHE DEFAULT CELL_FLASH_CACHE DEFAULT)
  TABLESPACE "USERS" ;
--------------------------------------------------------
--  DDL for Index SYS_C0012849
--------------------------------------------------------

  CREATE UNIQUE INDEX "SYS_C0012849" ON "TIPO_INVENTARIO" ("ID_TIPO_INVENTARIO") 
  PCTFREE 10 INITRANS 2 MAXTRANS 255 COMPUTE STATISTICS 
  TABLESPACE "USERS" ;
--------------------------------------------------------
--  DDL for Index SYS_C0012851
--------------------------------------------------------

  CREATE UNIQUE INDEX "SYS_C0012851" ON "USUARIO" ("ID_USUARIO") 
  PCTFREE 10 INITRANS 2 MAXTRANS 255 COMPUTE STATISTICS 
  STORAGE(INITIAL 65536 NEXT 1048576 MINEXTENTS 1 MAXEXTENTS 2147483645
  PCTINCREASE 0 FREELISTS 1 FREELIST GROUPS 1
  BUFFER_POOL DEFAULT FLASH_CACHE DEFAULT CELL_FLASH_CACHE DEFAULT)
  TABLESPACE "USERS" ;
--------------------------------------------------------
--  Constraints for Table CHECK_IN
--------------------------------------------------------

  ALTER TABLE "CHECK_IN" MODIFY ("ID_CHECK_IN" );
  ALTER TABLE "CHECK_IN" ADD PRIMARY KEY ("ID_CHECK_IN")
  USING INDEX PCTFREE 10 INITRANS 2 MAXTRANS 255 COMPUTE STATISTICS 
  TABLESPACE "USERS"  ENABLE;
--------------------------------------------------------
--  Constraints for Table CHECK_OUT
--------------------------------------------------------

  ALTER TABLE "CHECK_OUT" MODIFY ("ID_CHECK_OUT" );
  ALTER TABLE "CHECK_OUT" ADD PRIMARY KEY ("ID_CHECK_OUT")
  USING INDEX PCTFREE 10 INITRANS 2 MAXTRANS 255 COMPUTE STATISTICS 
  TABLESPACE "USERS"  ENABLE;
--------------------------------------------------------
--  Constraints for Table COMUNA
--------------------------------------------------------

  ALTER TABLE "COMUNA" ADD PRIMARY KEY ("ID_COMUNA")
  USING INDEX PCTFREE 10 INITRANS 2 MAXTRANS 255 COMPUTE STATISTICS 
  STORAGE(INITIAL 65536 NEXT 1048576 MINEXTENTS 1 MAXEXTENTS 2147483645
  PCTINCREASE 0 FREELISTS 1 FREELIST GROUPS 1
  BUFFER_POOL DEFAULT FLASH_CACHE DEFAULT CELL_FLASH_CACHE DEFAULT)
  TABLESPACE "USERS"  ENABLE;
--------------------------------------------------------
--  Constraints for Table DEPARTAMENTOS
--------------------------------------------------------

  ALTER TABLE "DEPARTAMENTOS" MODIFY ("ID_DEPARTAMENTOS" );
  ALTER TABLE "DEPARTAMENTOS" ADD PRIMARY KEY ("ID_DEPARTAMENTOS")
  USING INDEX PCTFREE 10 INITRANS 2 MAXTRANS 255 COMPUTE STATISTICS 
  STORAGE(INITIAL 65536 NEXT 1048576 MINEXTENTS 1 MAXEXTENTS 2147483645
  PCTINCREASE 0 FREELISTS 1 FREELIST GROUPS 1
  BUFFER_POOL DEFAULT FLASH_CACHE DEFAULT CELL_FLASH_CACHE DEFAULT)
  TABLESPACE "USERS"  ENABLE;
--------------------------------------------------------
--  Constraints for Table INVENTARIO_DEPTO
--------------------------------------------------------

  ALTER TABLE "INVENTARIO_DEPTO" MODIFY ("ID_INVENTARIO_DEPTO" );
  ALTER TABLE "INVENTARIO_DEPTO" ADD PRIMARY KEY ("ID_INVENTARIO_DEPTO")
  USING INDEX PCTFREE 10 INITRANS 2 MAXTRANS 255 COMPUTE STATISTICS 
  TABLESPACE "USERS"  ENABLE;
--------------------------------------------------------
--  Constraints for Table REGION
--------------------------------------------------------

  ALTER TABLE "REGION" ADD PRIMARY KEY ("ID_REGION")
  USING INDEX PCTFREE 10 INITRANS 2 MAXTRANS 255 COMPUTE STATISTICS 
  STORAGE(INITIAL 65536 NEXT 1048576 MINEXTENTS 1 MAXEXTENTS 2147483645
  PCTINCREASE 0 FREELISTS 1 FREELIST GROUPS 1
  BUFFER_POOL DEFAULT FLASH_CACHE DEFAULT CELL_FLASH_CACHE DEFAULT)
  TABLESPACE "USERS"  ENABLE;
--------------------------------------------------------
--  Constraints for Table RESERVA
--------------------------------------------------------

  ALTER TABLE "RESERVA" MODIFY ("ID_RESERVA" );
  ALTER TABLE "RESERVA" ADD PRIMARY KEY ("ID_RESERVA")
  USING INDEX PCTFREE 10 INITRANS 2 MAXTRANS 255 COMPUTE STATISTICS 
  TABLESPACE "USERS"  ENABLE;
--------------------------------------------------------
--  Constraints for Table RESERVA_DEPARTAMENTOS
--------------------------------------------------------

  ALTER TABLE "RESERVA_DEPARTAMENTOS" ADD PRIMARY KEY ("DEPARTAMENTOS_ID_RESERVA", "DEPARTAMENTOS_ID_DEPARTAMENTOS")
  USING INDEX PCTFREE 10 INITRANS 2 MAXTRANS 255 COMPUTE STATISTICS 
  TABLESPACE "USERS"  ENABLE;
--------------------------------------------------------
--  Constraints for Table RESERVA_SERVICIOS
--------------------------------------------------------

  ALTER TABLE "RESERVA_SERVICIOS" ADD PRIMARY KEY ("ID_RESERVA", "ID_SERVICIOS")
  USING INDEX PCTFREE 10 INITRANS 2 MAXTRANS 255 COMPUTE STATISTICS 
  TABLESPACE "USERS"  ENABLE;
--------------------------------------------------------
--  Constraints for Table RESERVA_USUARIOS
--------------------------------------------------------

  ALTER TABLE "RESERVA_USUARIOS" ADD PRIMARY KEY ("USUARIOS_ID_RESERVA", "USUARIOS_ID_USUARIO")
  USING INDEX PCTFREE 10 INITRANS 2 MAXTRANS 255 COMPUTE STATISTICS 
  TABLESPACE "USERS"  ENABLE;
--------------------------------------------------------
--  Constraints for Table ROLES
--------------------------------------------------------

  ALTER TABLE "ROLES" MODIFY ("ID_ROL" );
  ALTER TABLE "ROLES" ADD PRIMARY KEY ("ID_ROL")
  USING INDEX PCTFREE 10 INITRANS 2 MAXTRANS 255 COMPUTE STATISTICS 
  STORAGE(INITIAL 65536 NEXT 1048576 MINEXTENTS 1 MAXEXTENTS 2147483645
  PCTINCREASE 0 FREELISTS 1 FREELIST GROUPS 1
  BUFFER_POOL DEFAULT FLASH_CACHE DEFAULT CELL_FLASH_CACHE DEFAULT)
  TABLESPACE "USERS"  ENABLE;
--------------------------------------------------------
--  Constraints for Table SERVICIOS
--------------------------------------------------------

  ALTER TABLE "SERVICIOS" MODIFY ("ID_SERVICIOS" );
  ALTER TABLE "SERVICIOS" ADD PRIMARY KEY ("ID_SERVICIOS")
  USING INDEX PCTFREE 10 INITRANS 2 MAXTRANS 255 COMPUTE STATISTICS 
  STORAGE(INITIAL 65536 NEXT 1048576 MINEXTENTS 1 MAXEXTENTS 2147483645
  PCTINCREASE 0 FREELISTS 1 FREELIST GROUPS 1
  BUFFER_POOL DEFAULT FLASH_CACHE DEFAULT CELL_FLASH_CACHE DEFAULT)
  TABLESPACE "USERS"  ENABLE;
--------------------------------------------------------
--  Constraints for Table TIPO_INVENTARIO
--------------------------------------------------------

  ALTER TABLE "TIPO_INVENTARIO" MODIFY ("ID_TIPO_INVENTARIO" );
  ALTER TABLE "TIPO_INVENTARIO" ADD PRIMARY KEY ("ID_TIPO_INVENTARIO")
  USING INDEX PCTFREE 10 INITRANS 2 MAXTRANS 255 COMPUTE STATISTICS 
  TABLESPACE "USERS"  ENABLE;
--------------------------------------------------------
--  Constraints for Table USUARIO
--------------------------------------------------------

  ALTER TABLE "USUARIO" MODIFY ("ID_USUARIO" );
  ALTER TABLE "USUARIO" ADD PRIMARY KEY ("ID_USUARIO")
  USING INDEX PCTFREE 10 INITRANS 2 MAXTRANS 255 COMPUTE STATISTICS 
  STORAGE(INITIAL 65536 NEXT 1048576 MINEXTENTS 1 MAXEXTENTS 2147483645
  PCTINCREASE 0 FREELISTS 1 FREELIST GROUPS 1
  BUFFER_POOL DEFAULT FLASH_CACHE DEFAULT CELL_FLASH_CACHE DEFAULT)
  TABLESPACE "USERS"  ENABLE;
--------------------------------------------------------
--  Ref Constraints for Table CHECK_OUT
--------------------------------------------------------

  ALTER TABLE "CHECK_OUT" ADD CONSTRAINT "FKP8FBK48DA5D2WU3GH0T5PK57W" FOREIGN KEY ("ID_CHECK_IN")
	  REFERENCES "CHECK_IN" ("ID_CHECK_IN") ENABLE;
--------------------------------------------------------
--  Ref Constraints for Table INVENTARIO_DEPTO
--------------------------------------------------------

  ALTER TABLE "INVENTARIO_DEPTO" ADD CONSTRAINT "FK3VBW3LH3Y7W9IRL1WHQWTDSE8" FOREIGN KEY ("ID_DEPARTAMENTOS")
	  REFERENCES "DEPARTAMENTOS" ("ID_DEPARTAMENTOS") ENABLE;
  ALTER TABLE "INVENTARIO_DEPTO" ADD CONSTRAINT "FKHF1NKWI5JGCCSV3F2409HYXCO" FOREIGN KEY ("ID_TIPO_INVENTARIO")
	  REFERENCES "TIPO_INVENTARIO" ("ID_TIPO_INVENTARIO") ENABLE;
--------------------------------------------------------
--  Ref Constraints for Table RESERVA_DEPARTAMENTOS
--------------------------------------------------------

  ALTER TABLE "RESERVA_DEPARTAMENTOS" ADD CONSTRAINT "FKDK6QOYDJ4DT7XPXHS143CMWLC" FOREIGN KEY ("DEPARTAMENTOS_ID_DEPARTAMENTOS")
	  REFERENCES "DEPARTAMENTOS" ("ID_DEPARTAMENTOS") ENABLE;
  ALTER TABLE "RESERVA_DEPARTAMENTOS" ADD CONSTRAINT "FK7SIAUKIA2SV39771QIXTF8MIL" FOREIGN KEY ("DEPARTAMENTOS_ID_RESERVA")
	  REFERENCES "RESERVA" ("ID_RESERVA") ENABLE;
--------------------------------------------------------
--  Ref Constraints for Table RESERVA_SERVICIOS
--------------------------------------------------------

  ALTER TABLE "RESERVA_SERVICIOS" ADD CONSTRAINT "FKL1O9LN3IB1RKN3F2FBXQREIAD" FOREIGN KEY ("ID_SERVICIOS")
	  REFERENCES "SERVICIOS" ("ID_SERVICIOS") ENABLE;
  ALTER TABLE "RESERVA_SERVICIOS" ADD CONSTRAINT "FK1XKWC1NN90CUHJND9H0WRHXO6" FOREIGN KEY ("ID_RESERVA")
	  REFERENCES "RESERVA" ("ID_RESERVA") ENABLE;
--------------------------------------------------------
--  Ref Constraints for Table RESERVA_USUARIOS
--------------------------------------------------------

  ALTER TABLE "RESERVA_USUARIOS" ADD CONSTRAINT "FKDGJEH7HL2XCN1RI857NKOBXWT" FOREIGN KEY ("USUARIOS_ID_USUARIO")
	  REFERENCES "USUARIO" ("ID_USUARIO") ENABLE;
  ALTER TABLE "RESERVA_USUARIOS" ADD CONSTRAINT "FKGM337NYSN9LH08AOBSWWHQYXP" FOREIGN KEY ("USUARIOS_ID_RESERVA")
	  REFERENCES "RESERVA" ("ID_RESERVA") ENABLE;
--------------------------------------------------------
--  Ref Constraints for Table USUARIO
--------------------------------------------------------

  ALTER TABLE "USUARIO" ADD CONSTRAINT "FKDC3YT6C0IFAUU675SN383TPIH" FOREIGN KEY ("ID_ROL")
	  REFERENCES "ROLES" ("ID_ROL") ENABLE;
